,а вдобавок,а именно,а также,а то,благодаря тому что,в результате чего,
в результате того что,в связи с тем что,в силу того что,в случае если,
в то время как,в том случае если,в силу чего,ввиду того что,вопреки тому что,
вроде того как,вследствие чего,вследствие того что,да вдобавок,да еще,да и,
да и то,даром что,для того чтобы,если бы,если не,затем чтобы,затем что,и все же,
и значит,а именно,и поэтому,и притом,и все-таки,и следовательно,и то,и тогда,
и еще,и вдобавок,из-за того что,как скоро,как будто,как если бы,как словно,как только,
к тому же,кроме того,лишь бы,лишь только,между тем как,невзирая на то что,независимо от того что,
несмотря на то что,перед тем как,по мере того как,по причине того что,подобно тому ка,
пока не,после того как,прежде чем,потому что,при всем том что,ради того чтобы,раньше чем,с тем чтобы,
с тех пор как,так же,так как,так что,тем более что,тогда как,то есть,то ли,только бы,только что,
только лишь,только чуть,при условии что,

без ведома,близко от,в виде,
в зависимости от,в интересах,в качестве,в лице,в отличие от,в отношении,в пандан,в пользу,в преддверии,
в продолжение,в результате,в роли,в связи с,в силу,в случае,в соответствии с,в течение,в целях,в честь,
во имя,во славу,вплоть до,впредь до,вслед за,за вычетом,за исключением,за счёт,исходя из,лицом к лицу с,
на благо,на виду у,на глазах у,на предмет,наряду с,начиная с,не без,не считая,невзирая на,недалеко от,
независимо от,несмотря на,от имени,от лица,по линии,по мере,по направлению к,по поводу,по причине,
по случаю,по сравнению с,поблизости от,под видом,под эгидой,при помощи,применительно к,рядом с,
с ведома,с помощью,с прицелом на,с точки зрения,с целью,следом за,смотря по